,global_key,row_data
0,blip-demo-00026-edward-crutchley-spring-2023-ready-to-wear-credit-gorunway,https://assets.labelbox.com/asset/clf09hhdv4eql074gaeeqbl0c
1,blip-demo-00024-edward-crutchley-spring-2023-ready-to-wear-credit-gorunway,https://assets.labelbox.com/asset/clf09hhdv4eqh074gbgt29t9d
2,blip-demo-00023-edward-crutchley-spring-2023-ready-to-wear-credit-gorunway,https://assets.labelbox.com/asset/clf09hhdv4eqd074ghwa0f2x2
3,blip-demo-00022-edward-crutchley-spring-2023-ready-to-wear-credit-gorunway,https://assets.labelbox.com/asset/clf09hhdv4eq9074g478w02ie
4,blip-demo-00002-edward-crutchley-spring-2023-ready-to-wear-credit-gorunway,https://assets.labelbox.com/asset/clf09hhdu4eq5074g0ypaf4b3
5,blip-demo-00006-edward-crutchley-spring-2023-ready-to-wear-credit-gorunway,https://assets.labelbox.com/asset/clf09hhdu4eq1074gadal7lcp
6,blip-demo-00010-edward-crutchley-spring-2023-ready-to-wear-credit-gorunway,https://assets.labelbox.com/asset/clf09hhdu4epx074gak437bez
7,blip-demo-00003-edward-crutchley-spring-2023-ready-to-wear-credit-gorunway,https://assets.labelbox.com/asset/clf09hhdu4ept074gaxhu2t5a
8,blip-demo-00016-edward-crutchley-spring-2023-ready-to-wear-credit-gorunway,https://assets.labelbox.com/asset/clf09hhdu4epp074gcx7f0p84
9,blip-demo-00018-edward-crutchley-spring-2023-ready-to-wear-credit-gorunway,https://assets.labelbox.com/asset/clf09hhdu4epl074g4s6xgqro
10,blip-demo-00015-edward-crutchley-spring-2023-ready-to-wear-credit-gorunway,https://assets.labelbox.com/asset/clf09hhdu4eph074g6rzcadty
11,blip-demo-00005-edward-crutchley-spring-2023-ready-to-wear-credit-gorunway,https://assets.labelbox.com/asset/clf09hhdu4epd074g9k718aww
12,blip-demo-00011-edward-crutchley-spring-2023-ready-to-wear-credit-gorunway,https://assets.labelbox.com/asset/clf09hhdu4ep9074g06mw0fnl
13,blip-demo-00021-edward-crutchley-spring-2023-ready-to-wear-credit-gorunway,https://assets.labelbox.com/asset/clf09hhdu4ep5074gbzcn478r
14,blip-demo-00001-edward-crutchley-spring-2023-ready-to-wear-credit-gorunway,https://assets.labelbox.com/asset/clf09hhdu4ep1074g6za09x7j
15,blip-demo-00007-edward-crutchley-spring-2023-ready-to-wear-credit-gorunway,https://assets.labelbox.com/asset/clf09hhdu4eox074g5se396o4
16,blip-demo-00019-edward-crutchley-spring-2023-ready-to-wear-credit-gorunway,https://assets.labelbox.com/asset/clf09hhdu4eot074gdsgh6a3g
17,blip-demo-00012-edward-crutchley-spring-2023-ready-to-wear-credit-gorunway,https://assets.labelbox.com/asset/clf09hhdu4eop074g52jtdt6d
18,blip-demo-00014-edward-crutchley-spring-2023-ready-to-wear-credit-gorunway,https://assets.labelbox.com/asset/clf09hhdu4eol074gd45g8llc
19,blip-demo-00020-edward-crutchley-spring-2023-ready-to-wear-credit-gorunway,https://assets.labelbox.com/asset/clf09hhdt4eoh074g436qeijk
20,blip-demo-00004-edward-crutchley-spring-2023-ready-to-wear-credit-gorunway,https://assets.labelbox.com/asset/clf09hhdt4eod074g2ul7gj0i
21,blip-demo-00008-edward-crutchley-spring-2023-ready-to-wear-credit-gorunway,https://assets.labelbox.com/asset/clf09hhdt4eo9074ghif11jtr
22,blip-demo-00017-edward-crutchley-spring-2023-ready-to-wear-credit-gorunway,https://assets.labelbox.com/asset/clf09hhdt4eo5074g94vi411t
23,blip-demo-00013-edward-crutchley-spring-2023-ready-to-wear-credit-gorunway,https://assets.labelbox.com/asset/clf09hhdt4eo1074g9z6p3wgz
24,blip-demo-00009-edward-crutchley-spring-2023-ready-to-wear-credit-gorunway,https://assets.labelbox.com/asset/clf09hhdt4enx074g4iulgmag
25,blip-demo-00001-edeline-lee-spring-2023-ready-to-wear-credit-brian-rankin,https://assets.labelbox.com/asset/clf09fv9eajdf074a97tm8kxv
26,blip-demo-00035-edeline-lee-spring-2023-ready-to-wear-credit-brian-rankin,https://assets.labelbox.com/asset/clf09fv9eajdb074ag1tm89fw
27,blip-demo-00014-edeline-lee-spring-2023-ready-to-wear-credit-brian-rankin,https://assets.labelbox.com/asset/clf09fv9eajd7074ae0qw8gac
28,blip-demo-00039-edeline-lee-spring-2023-ready-to-wear-credit-brian-rankin,https://assets.labelbox.com/asset/clf09fv9dajd3074a264u9o8y
29,blip-demo-00032-edeline-lee-spring-2023-ready-to-wear-credit-brian-rankin,https://assets.labelbox.com/asset/clf09fv9dajcz074a1q3i0x1t
30,blip-demo-00018-edeline-lee-spring-2023-ready-to-wear-credit-brian-rankin,https://assets.labelbox.com/asset/clf09fv9dajcv074advvjgxba
31,blip-demo-00041-edeline-lee-spring-2023-ready-to-wear-credit-brian-rankin,https://assets.labelbox.com/asset/clf09fv9dajcr074aa9u894s1
32,blip-demo-00016-edeline-lee-spring-2023-ready-to-wear-credit-brian-rankin,https://assets.labelbox.com/asset/clf09fv9dajcn074a2rvs7ll0
33,blip-demo-00006-edeline-lee-spring-2023-ready-to-wear-credit-brian-rankin,https://assets.labelbox.com/asset/clf09fv9dajcj074a1lkihjcx
34,blip-demo-00025-edeline-lee-spring-2023-ready-to-wear-credit-brian-rankin,https://assets.labelbox.com/asset/clf09fv9dajcf074a5oc8ff8q
35,blip-demo-00002-edeline-lee-spring-2023-ready-to-wear-credit-brian-rankin,https://assets.labelbox.com/asset/clf09fv9dajcb074a26qc3fqy
36,blip-demo-00033-edeline-lee-spring-2023-ready-to-wear-credit-brian-rankin,https://assets.labelbox.com/asset/clf09fv9dajc7074a4u5r3jfx
37,blip-demo-00010-edeline-lee-spring-2023-ready-to-wear-credit-brian-rankin,https://assets.labelbox.com/asset/clf09fv9dajc3074a1p3hbaen
38,blip-demo-00021-edeline-lee-spring-2023-ready-to-wear-credit-brian-rankin,https://assets.labelbox.com/asset/clf09fv9dajbz074a46ru4nvi
39,blip-demo-00007-edeline-lee-spring-2023-ready-to-wear-credit-brian-rankin,https://assets.labelbox.com/asset/clf09fv9dajbv074adfy1dij3
40,blip-demo-00015-edeline-lee-spring-2023-ready-to-wear-credit-brian-rankin,https://assets.labelbox.com/asset/clf09fv9dajbr074aeijp8435
41,blip-demo-00029-edeline-lee-spring-2023-ready-to-wear-credit-brian-rankin,https://assets.labelbox.com/asset/clf09fv9dajbn074ahmx8gnn2
42,blip-demo-00012-edeline-lee-spring-2023-ready-to-wear-credit-brian-rankin,https://assets.labelbox.com/asset/clf09fv9dajbj074adleg0dsk
43,blip-demo-00026-edeline-lee-spring-2023-ready-to-wear-credit-brian-rankin,https://assets.labelbox.com/asset/clf09fv9dajbf074abrd3bch4
44,blip-demo-00009-edeline-lee-spring-2023-ready-to-wear-credit-brian-rankin,https://assets.labelbox.com/asset/clf09fv9cajbb074a1hn84aot
45,blip-demo-00005-edeline-lee-spring-2023-ready-to-wear-credit-brian-rankin,https://assets.labelbox.com/asset/clf09fv9cajb7074aeou7cqlf
46,blip-demo-00037-edeline-lee-spring-2023-ready-to-wear-credit-brian-rankin,https://assets.labelbox.com/asset/clf09fv9cajb3074a4dnkgfeo
47,blip-demo-00008-edeline-lee-spring-2023-ready-to-wear-credit-brian-rankin,https://assets.labelbox.com/asset/clf09fv9cajaz074a90h46daf
48,blip-demo-00040-edeline-lee-spring-2023-ready-to-wear-credit-brian-rankin,https://assets.labelbox.com/asset/clf09fv9cajav074afaec183i
49,blip-demo-00013-edeline-lee-spring-2023-ready-to-wear-credit-brian-rankin,https://assets.labelbox.com/asset/clf09fv9cajar074ad4j9a0xa
50,blip-demo-00022-edeline-lee-spring-2023-ready-to-wear-credit-brian-rankin,https://assets.labelbox.com/asset/clf09fv9cajan074a2igzdss6
51,blip-demo-00042-edeline-lee-spring-2023-ready-to-wear-credit-brian-rankin,https://assets.labelbox.com/asset/clf09fv9cajaj074ae10xdxyl
52,blip-demo-00023-edeline-lee-spring-2023-ready-to-wear-credit-brian-rankin,https://assets.labelbox.com/asset/clf09fv9cajaf074a1wese2ot
53,blip-demo-00017-edeline-lee-spring-2023-ready-to-wear-credit-brian-rankin,https://assets.labelbox.com/asset/clf09fv9cajab074a0cdb4ije
54,blip-demo-00024-edeline-lee-spring-2023-ready-to-wear-credit-brian-rankin,https://assets.labelbox.com/asset/clf09fv9caja7074a7b0s8mvy
55,blip-demo-00036-edeline-lee-spring-2023-ready-to-wear-credit-brian-rankin,https://assets.labelbox.com/asset/clf09fv9caja3074acgta64vr
56,blip-demo-00031-edeline-lee-spring-2023-ready-to-wear-credit-brian-rankin,https://assets.labelbox.com/asset/clf09fv9caj9z074agy0j2e2q
57,blip-demo-00030-edeline-lee-spring-2023-ready-to-wear-credit-brian-rankin,https://assets.labelbox.com/asset/clf09fv9caj9v074a4uqx3nfn
58,blip-demo-00003-edeline-lee-spring-2023-ready-to-wear-credit-brian-rankin,https://assets.labelbox.com/asset/clf09fv9caj9r074ae6eke9r7
59,blip-demo-00038-edeline-lee-spring-2023-ready-to-wear-credit-brian-rankin,https://assets.labelbox.com/asset/clf09fv9baj9n074adxxq0ggc
60,blip-demo-00034-edeline-lee-spring-2023-ready-to-wear-credit-brian-rankin,https://assets.labelbox.com/asset/clf09fv9baj9j074ag51ze7yx
61,blip-demo-00020-edeline-lee-spring-2023-ready-to-wear-credit-brian-rankin,https://assets.labelbox.com/asset/clf09fv9baj9f074a3932duqe
62,blip-demo-00004-edeline-lee-spring-2023-ready-to-wear-credit-brian-rankin,https://assets.labelbox.com/asset/clf09fv9baj9b074a3s7d5ota
63,blip-demo-00028-edeline-lee-spring-2023-ready-to-wear-credit-brian-rankin,https://assets.labelbox.com/asset/clf09fv9baj97074abn2k6st2
64,blip-demo-00011-edeline-lee-spring-2023-ready-to-wear-credit-brian-rankin,https://assets.labelbox.com/asset/clf09fv9baj93074a5n8609a1
65,blip-demo-00027-edeline-lee-spring-2023-ready-to-wear-credit-brian-rankin,https://assets.labelbox.com/asset/clf09fv9baj8z074ag5lh3heg
66,blip-demo-00019-edeline-lee-spring-2023-ready-to-wear-credit-brian-rankin,https://assets.labelbox.com/asset/clf09fv9baj8v074aetu8ehb7
67,blip-demo-00009-eckhaus-latta-spring-2023-ready-to-wear-details-credit-gorunway,https://assets.labelbox.com/asset/clf09dx3j4emp074g45ga5tvc
68,blip-demo-00008-eckhaus-latta-spring-2023-ready-to-wear-details-credit-gorunway,https://assets.labelbox.com/asset/clf09dx3j4eml074g01gb3l8j
69,blip-demo-00007-eckhaus-latta-spring-2023-ready-to-wear-details-credit-gorunway,https://assets.labelbox.com/asset/clf09dx3i4emh074gcxeu4uyb
70,blip-demo-00006-eckhaus-latta-spring-2023-ready-to-wear-details-credit-gorunway,https://assets.labelbox.com/asset/clf09dx3i4emd074gbgy2eksu
71,blip-demo-00005-eckhaus-latta-spring-2023-ready-to-wear-details-credit-gorunway,https://assets.labelbox.com/asset/clf09dx3i4em9074g9jvxhjm3
72,blip-demo-00003-eckhaus-latta-spring-2023-ready-to-wear-details-credit-gorunway,https://assets.labelbox.com/asset/clf09dx3i4em5074g54ca0xs3
73,blip-demo-00032-eckhaus-latta-spring-2023-ready-to-wear-credit-gorunway,https://assets.labelbox.com/asset/clf09dx3i4em1074ghxxwb3qq
74,blip-demo-00002-eckhaus-latta-spring-2023-ready-to-wear-credit-gorunway,https://assets.labelbox.com/asset/clf09dx3i4elx074g4bpb40cp
75,blip-demo-00022-eckhaus-latta-spring-2023-ready-to-wear-credit-gorunway,https://assets.labelbox.com/asset/clf09dx3i4elt074gbs9b91e0
76,blip-demo-00017-eckhaus-latta-spring-2023-ready-to-wear-credit-gorunway,https://assets.labelbox.com/asset/clf09dx3i4elp074g7t9e3poy
77,blip-demo-00029-eckhaus-latta-spring-2023-ready-to-wear-credit-gorunway,https://assets.labelbox.com/asset/clf09dx3i4ell074g9nlqfgbf
78,blip-demo-00004-eckhaus-latta-spring-2023-ready-to-wear-details-credit-gorunway,https://assets.labelbox.com/asset/clf09dx3i4elh074ggb5807f3
79,blip-demo-00010-eckhaus-latta-spring-2023-ready-to-wear-credit-gorunway,https://assets.labelbox.com/asset/clf09dx3i4eld074g55in3h2p
80,blip-demo-00019-eckhaus-latta-spring-2023-ready-to-wear-credit-gorunway,https://assets.labelbox.com/asset/clf09dx3i4el9074g32vmbmgq
81,blip-demo-00026-eckhaus-latta-spring-2023-ready-to-wear-credit-gorunway,https://assets.labelbox.com/asset/clf09dx3i4el5074gb2x365be
82,blip-demo-00007-eckhaus-latta-spring-2023-ready-to-wear-credit-gorunway,https://assets.labelbox.com/asset/clf09dx3i4el1074ge6f0eiel
83,blip-demo-00006-eckhaus-latta-spring-2023-ready-to-wear-credit-gorunway,https://assets.labelbox.com/asset/clf09dx3i4ekx074ghi5pd4io
84,blip-demo-00003-eckhaus-latta-spring-2023-ready-to-wear-credit-gorunway,https://assets.labelbox.com/asset/clf09dx3h4ekt074g0bdfdcyb
85,blip-demo-00009-eckhaus-latta-spring-2023-ready-to-wear-credit-gorunway,https://assets.labelbox.com/asset/clf09dx3h4ekp074gc8pkbfka
86,blip-demo-00002-eckhaus-latta-spring-2023-ready-to-wear-details-credit-gorunway,https://assets.labelbox.com/asset/clf09dx3h4ekl074g5w2bbbgb
87,blip-demo-00024-eckhaus-latta-spring-2023-ready-to-wear-credit-gorunway,https://assets.labelbox.com/asset/clf09dx3h4ekh074gaugydkmo
88,blip-demo-00030-eckhaus-latta-spring-2023-ready-to-wear-credit-gorunway,https://assets.labelbox.com/asset/clf09dx3h4ekd074g0zmn2h9m
89,blip-demo-00027-eckhaus-latta-spring-2023-ready-to-wear-credit-gorunway,https://assets.labelbox.com/asset/clf09dx3h4ek9074ghep527xg
90,blip-demo-00001-eckhaus-latta-spring-2023-ready-to-wear-credit-gorunway,https://assets.labelbox.com/asset/clf09dx3h4ek5074g7y0l33n5
91,blip-demo-00020-eckhaus-latta-spring-2023-ready-to-wear-credit-gorunway,https://assets.labelbox.com/asset/clf09dx3h4ek1074gcscfdh6a
92,blip-demo-00008-eckhaus-latta-spring-2023-ready-to-wear-credit-gorunway,https://assets.labelbox.com/asset/clf09dx3h4ejx074g3or40phz
93,blip-demo-00015-eckhaus-latta-spring-2023-ready-to-wear-credit-gorunway,https://assets.labelbox.com/asset/clf09dx3h4ejt074g3huzdhuh
94,blip-demo-00005-eckhaus-latta-spring-2023-ready-to-wear-credit-gorunway,https://assets.labelbox.com/asset/clf09dx3h4ejp074gc9v88b4w
95,blip-demo-00001-eckhaus-latta-spring-2023-ready-to-wear-details-credit-gorunway,https://assets.labelbox.com/asset/clf09dx3h4ejl074g12hy0cax
96,blip-demo-00016-eckhaus-latta-spring-2023-ready-to-wear-credit-gorunway,https://assets.labelbox.com/asset/clf09dx3h4ejh074gcuoohohq
97,blip-demo-00004-eckhaus-latta-spring-2023-ready-to-wear-credit-gorunway,https://assets.labelbox.com/asset/clf09dx3h4ejd074g27csa16h
98,blip-demo-00023-eckhaus-latta-spring-2023-ready-to-wear-credit-gorunway,https://assets.labelbox.com/asset/clf09dx3g4ej9074ge5ldejcp
99,blip-demo-00012-eckhaus-latta-spring-2023-ready-to-wear-credit-gorunway,https://assets.labelbox.com/asset/clf09dx3g4ej5074g1wtf1kkg
100,blip-demo-00021-eckhaus-latta-spring-2023-ready-to-wear-credit-gorunway,https://assets.labelbox.com/asset/clf09dx3g4ej1074gemew8klu
101,blip-demo-00018-eckhaus-latta-spring-2023-ready-to-wear-credit-gorunway,https://assets.labelbox.com/asset/clf09dx3g4eix074g6hlk01oi
102,blip-demo-00013-eckhaus-latta-spring-2023-ready-to-wear-credit-gorunway,https://assets.labelbox.com/asset/clf09dx3g4eit074gbjr767xl
103,blip-demo-00025-eckhaus-latta-spring-2023-ready-to-wear-credit-gorunway,https://assets.labelbox.com/asset/clf09dx3g4eip074g6aflg50r
104,blip-demo-00014-eckhaus-latta-spring-2023-ready-to-wear-credit-gorunway,https://assets.labelbox.com/asset/clf09dx3g4eil074g4a5xbrsi
105,blip-demo-00011-eckhaus-latta-spring-2023-ready-to-wear-credit-gorunway,https://assets.labelbox.com/asset/clf09dx3g4eih074g8llwdux0
106,blip-demo-00028-eckhaus-latta-spring-2023-ready-to-wear-credit-gorunway,https://assets.labelbox.com/asset/clf09dx3g4eid074ge94n79tp
107,blip-demo-00024-dundas-spring-2023-ready-to-wear-credit-sebastian-faena,https://assets.labelbox.com/asset/clf09bibi4ei5074g2aa61ina
108,blip-demo-00022-dundas-spring-2023-ready-to-wear-credit-sebastian-faena,https://assets.labelbox.com/asset/clf09bibi4ei1074ghgfl9oqb
109,blip-demo-00023-dundas-spring-2023-ready-to-wear-credit-sebastian-faena,https://assets.labelbox.com/asset/clf09bibi4ehx074g88mu3eit
110,blip-demo-00003-dundas-spring-2023-ready-to-wear-credit-sebastian-faena,https://assets.labelbox.com/asset/clf09bibi4eht074g3l4raqwy
111,blip-demo-00007-dundas-spring-2023-ready-to-wear-credit-sebastian-faena,https://assets.labelbox.com/asset/clf09bibi4ehp074g7mkf5j4m
112,blip-demo-00004-dundas-spring-2023-ready-to-wear-credit-sebastian-faena,https://assets.labelbox.com/asset/clf09bibh4ehl074gefdb4soj
113,blip-demo-00020-dundas-spring-2023-ready-to-wear-credit-sebastian-faena,https://assets.labelbox.com/asset/clf09bibh4ehh074g5ijl9r2c
114,blip-demo-00017-dundas-spring-2023-ready-to-wear-credit-sebastian-faena,https://assets.labelbox.com/asset/clf09bibh4ehd074gfyq70pgh
115,blip-demo-00018-dundas-spring-2023-ready-to-wear-credit-sebastian-faena,https://assets.labelbox.com/asset/clf09bibh4eh9074gei1m6zks
116,blip-demo-00012-dundas-spring-2023-ready-to-wear-credit-sebastian-faena,https://assets.labelbox.com/asset/clf09bibh4eh5074gamkuhxne
117,blip-demo-00011-dundas-spring-2023-ready-to-wear-credit-sebastian-faena,https://assets.labelbox.com/asset/clf09bibh4eh1074g2bnw6dx4
118,blip-demo-00015-dundas-spring-2023-ready-to-wear-credit-sebastian-faena,https://assets.labelbox.com/asset/clf09bibh4egx074gex3m70s7
119,blip-demo-00019-dundas-spring-2023-ready-to-wear-credit-sebastian-faena,https://assets.labelbox.com/asset/clf09bibh4egt074g1v3v7sfi
120,blip-demo-00008-dundas-spring-2023-ready-to-wear-credit-sebastian-faena,https://assets.labelbox.com/asset/clf09bibh4egp074gbi6lcpuf
121,blip-demo-00014-dundas-spring-2023-ready-to-wear-credit-sebastian-faena,https://assets.labelbox.com/asset/clf09bibh4egl074gb4n2at64
122,blip-demo-00016-dundas-spring-2023-ready-to-wear-credit-sebastian-faena,https://assets.labelbox.com/asset/clf09bibh4egh074g33ck5tdf
123,blip-demo-00021-dundas-spring-2023-ready-to-wear-credit-sebastian-faena,https://assets.labelbox.com/asset/clf09bibh4egd074g4dlh0ci8
124,blip-demo-00006-dundas-spring-2023-ready-to-wear-credit-sebastian-faena,https://assets.labelbox.com/asset/clf09bibh4eg9074ggc5meass
125,blip-demo-00005-dundas-spring-2023-ready-to-wear-credit-sebastian-faena,https://assets.labelbox.com/asset/clf09bibh4eg5074gh71t2vvl
126,blip-demo-00002-dundas-spring-2023-ready-to-wear-credit-sebastian-faena,https://assets.labelbox.com/asset/clf09bibg4eg1074gfd2zd59x
127,blip-demo-00013-dundas-spring-2023-ready-to-wear-credit-sebastian-faena,https://assets.labelbox.com/asset/clf09bibg4efx074g8t0w9gow
128,blip-demo-00001-dundas-spring-2023-ready-to-wear-credit-sebastian-faena,https://assets.labelbox.com/asset/clf09bibg4eft074g10h9gum3
129,blip-demo-00010-dundas-spring-2023-ready-to-wear-credit-sebastian-faena,https://assets.labelbox.com/asset/clf09bibg4efp074gdb5k5afz
130,blip-demo-00009-dundas-spring-2023-ready-to-wear-credit-sebastian-faena,https://assets.labelbox.com/asset/clf09bibg4efl074g3xa56bs5
131,blip-demo-00005-dries-van-noten-spring-2023-ready-to-wear-beauty-credit-gorunway,https://assets.labelbox.com/asset/clf098jaz5t15073m8yszcf60
132,blip-demo-00010-dries-van-noten-spring-2023-ready-to-wear-beauty-credit-gorunway,https://assets.labelbox.com/asset/clf098jaz5t11073m1jwa9wiu
133,blip-demo-00040-dries-van-noten-spring-2023-ready-to-wear-credit-gorunway,https://assets.labelbox.com/asset/clf098jaz5t0x073m5yuz4jxd
134,blip-demo-00039-dries-van-noten-spring-2023-ready-to-wear-credit-gorunway,https://assets.labelbox.com/asset/clf098jaz5t0t073m841d7hph
135,blip-demo-00063-dries-van-noten-spring-2023-ready-to-wear-credit-gorunway,https://assets.labelbox.com/asset/clf098jaz5t0p073m7jvl9xpw
136,blip-demo-00037-dries-van-noten-spring-2023-ready-to-wear-credit-gorunway,https://assets.labelbox.com/asset/clf098jaz5t0l073m0jz18224
137,blip-demo-00004-dries-van-noten-spring-2023-ready-to-wear-credit-gorunway,https://assets.labelbox.com/asset/clf098jaz5t0h073mcf4b6de8
138,blip-demo-00011-dries-van-noten-spring-2023-ready-to-wear-credit-gorunway,https://assets.labelbox.com/asset/clf098jaz5t0d073m71204tvc
139,blip-demo-00008-dries-van-noten-spring-2023-ready-to-wear-beauty-credit-gorunway,https://assets.labelbox.com/asset/clf098jaz5t09073m9bc33jep
140,blip-demo-00049-dries-van-noten-spring-2023-ready-to-wear-credit-gorunway,https://assets.labelbox.com/asset/clf098jaz5t05073mctalccwj
141,blip-demo-00031-dries-van-noten-spring-2023-ready-to-wear-credit-gorunway,https://assets.labelbox.com/asset/clf098jay5t01073mffkkd5od
142,blip-demo-00010-dries-van-noten-spring-2023-ready-to-wear-credit-gorunway,https://assets.labelbox.com/asset/clf098jay5szx073m1spy9yvu
143,blip-demo-00008-dries-van-noten-spring-2023-ready-to-wear-credit-gorunway,https://assets.labelbox.com/asset/clf098jay5szt073m75z3djrs
144,blip-demo-00001-dries-van-noten-spring-2023-ready-to-wear-credit-gorunway,https://assets.labelbox.com/asset/clf098jay5szp073mgcbd3j0o
145,blip-demo-00005-dries-van-noten-spring-2023-ready-to-wear-credit-gorunway,https://assets.labelbox.com/asset/clf098jay5szl073majrvb5bk
146,blip-demo-00022-dries-van-noten-spring-2023-ready-to-wear-credit-gorunway,https://assets.labelbox.com/asset/clf098jay5szh073m9kff7lb2
147,blip-demo-00027-dries-van-noten-spring-2023-ready-to-wear-credit-gorunway,https://assets.labelbox.com/asset/clf098jay5szd073mbw5686n1
148,blip-demo-00004-dries-van-noten-spring-2023-ready-to-wear-beauty-credit-gorunway,https://assets.labelbox.com/asset/clf098jay5sz9073m98adcomj
149,blip-demo-00009-dries-van-noten-spring-2023-ready-to-wear-credit-gorunway,https://assets.labelbox.com/asset/clf098jay5sz5073mg78a53x9
150,blip-demo-00064-dries-van-noten-spring-2023-ready-to-wear-credit-gorunway,https://assets.labelbox.com/asset/clf098jay5sz1073m07mibhaf
151,blip-demo-00016-dries-van-noten-spring-2023-ready-to-wear-credit-gorunway,https://assets.labelbox.com/asset/clf098jay5syx073mh1eph07k
152,blip-demo-00054-dries-van-noten-spring-2023-ready-to-wear-credit-gorunway,https://assets.labelbox.com/asset/clf098jay5syt073mbuot40be
153,blip-demo-00058-dries-van-noten-spring-2023-ready-to-wear-credit-gorunway,https://assets.labelbox.com/asset/clf098jay5syp073m1myz0uqk
154,blip-demo-00042-dries-van-noten-spring-2023-ready-to-wear-credit-gorunway,https://assets.labelbox.com/asset/clf098jay5syl073m5ua7289k
155,blip-demo-00002-dries-van-noten-spring-2023-ready-to-wear-beauty-credit-gorunway,https://assets.labelbox.com/asset/clf098jay5syh073mfiwe758n
156,blip-demo-00009-dries-van-noten-spring-2023-ready-to-wear-beauty-credit-gorunway,https://assets.labelbox.com/asset/clf098jay5syd073m1jif1w85
157,blip-demo-00062-dries-van-noten-spring-2023-ready-to-wear-credit-gorunway,https://assets.labelbox.com/asset/clf098jay5sy9073m6nfb8w04
158,blip-demo-00012-dries-van-noten-spring-2023-ready-to-wear-credit-gorunway,https://assets.labelbox.com/asset/clf098jay5sy5073m9u314qr9
159,blip-demo-00044-dries-van-noten-spring-2023-ready-to-wear-credit-gorunway,https://assets.labelbox.com/asset/clf098jaw5sy1073mbod6d6k1
160,blip-demo-00002-dries-van-noten-spring-2023-ready-to-wear-credit-gorunway,https://assets.labelbox.com/asset/clf098jaw5sxx073mfwmyhzr0
161,blip-demo-00028-dries-van-noten-spring-2023-ready-to-wear-credit-gorunway,https://assets.labelbox.com/asset/clf098jaw5sxt073mac6761pn
162,blip-demo-00017-dries-van-noten-spring-2023-ready-to-wear-credit-gorunway,https://assets.labelbox.com/asset/clf098jaw5sxp073mbv8leqgq
163,blip-demo-00041-dries-van-noten-spring-2023-ready-to-wear-credit-gorunway,https://assets.labelbox.com/asset/clf098jaw5sxl073mfgqv3cj0
164,blip-demo-00057-dries-van-noten-spring-2023-ready-to-wear-credit-gorunway,https://assets.labelbox.com/asset/clf098jaw5sxh073mc4hyb87f
165,blip-demo-00018-dries-van-noten-spring-2023-ready-to-wear-credit-gorunway,https://assets.labelbox.com/asset/clf098jaw5sxd073m8nkg11ex
166,blip-demo-00056-dries-van-noten-spring-2023-ready-to-wear-credit-gorunway,https://assets.labelbox.com/asset/clf098jaw5sx9073m859sd7yw
167,blip-demo-00038-dries-van-noten-spring-2023-ready-to-wear-credit-gorunway,https://assets.labelbox.com/asset/clf098jaw5sx5073m7osqff4j
168,blip-demo-00046-dries-van-noten-spring-2023-ready-to-wear-credit-gorunway,https://assets.labelbox.com/asset/clf098jav5sx1073m0xqrbp5k
169,blip-demo-00026-dries-van-noten-spring-2023-ready-to-wear-credit-gorunway,https://assets.labelbox.com/asset/clf098jav5swx073mb0l84qjv
170,blip-demo-00051-dries-van-noten-spring-2023-ready-to-wear-credit-gorunway,https://assets.labelbox.com/asset/clf098jav5swt073mhjbf0y6j
171,blip-demo-00052-dries-van-noten-spring-2023-ready-to-wear-credit-gorunway,https://assets.labelbox.com/asset/clf098jav5swp073mdi1a0wb6
172,blip-demo-00032-dries-van-noten-spring-2023-ready-to-wear-credit-gorunway,https://assets.labelbox.com/asset/clf098jav5swl073m1jd775s0
173,blip-demo-00053-dries-van-noten-spring-2023-ready-to-wear-credit-gorunway,https://assets.labelbox.com/asset/clf098jav5swh073m107bembh
174,blip-demo-00020-dries-van-noten-spring-2023-ready-to-wear-credit-gorunway,https://assets.labelbox.com/asset/clf098jav5swd073m3p6288di
175,blip-demo-00030-dries-van-noten-spring-2023-ready-to-wear-credit-gorunway,https://assets.labelbox.com/asset/clf098jav5sw9073m3pqrdk7b
176,blip-demo-00015-dries-van-noten-spring-2023-ready-to-wear-credit-gorunway,https://assets.labelbox.com/asset/clf098jav5sw5073mdkya7jx2
177,blip-demo-00060-dries-van-noten-spring-2023-ready-to-wear-credit-gorunway,https://assets.labelbox.com/asset/clf098jav5sw1073m3gfi8ty2
178,blip-demo-00025-dries-van-noten-spring-2023-ready-to-wear-credit-gorunway,https://assets.labelbox.com/asset/clf098jav5svx073mcl6baim2
179,blip-demo-00007-dries-van-noten-spring-2023-ready-to-wear-credit-gorunway,https://assets.labelbox.com/asset/clf098jav5svt073m2stdba0s
180,blip-demo-00013-dries-van-noten-spring-2023-ready-to-wear-credit-gorunway,https://assets.labelbox.com/asset/clf098jav5svp073m4f4wcr12
181,blip-demo-00023-dries-van-noten-spring-2023-ready-to-wear-credit-gorunway,https://assets.labelbox.com/asset/clf098jav5svl073mbeflaccx
182,blip-demo-00006-dries-van-noten-spring-2023-ready-to-wear-credit-gorunway,https://assets.labelbox.com/asset/clf098jav5svh073meohu16p8
183,blip-demo-00047-dries-van-noten-spring-2023-ready-to-wear-credit-gorunway,https://assets.labelbox.com/asset/clf098jav5svd073md8h26rm7
184,blip-demo-00048-dries-van-noten-spring-2023-ready-to-wear-credit-gorunway,https://assets.labelbox.com/asset/clf098jav5sv9073m99qx8vsg
185,blip-demo-00061-dries-van-noten-spring-2023-ready-to-wear-credit-gorunway,https://assets.labelbox.com/asset/clf098jav5sv5073m9byp4i8h
186,blip-demo-00034-dries-van-noten-spring-2023-ready-to-wear-credit-gorunway,https://assets.labelbox.com/asset/clf098jav5sv1073mbsvx4dcr
187,blip-demo-00029-dries-van-noten-spring-2023-ready-to-wear-credit-gorunway,https://assets.labelbox.com/asset/clf098jav5sux073m40xxgb7m
188,blip-demo-00033-dries-van-noten-spring-2023-ready-to-wear-credit-gorunway,https://assets.labelbox.com/asset/clf098jau5sut073mb99kby6y
189,blip-demo-00024-dries-van-noten-spring-2023-ready-to-wear-credit-gorunway,https://assets.labelbox.com/asset/clf098jau5sup073mcigg4duz
190,blip-demo-00003-dries-van-noten-spring-2023-ready-to-wear-credit-gorunway,https://assets.labelbox.com/asset/clf098jau5sul073ma2z1bn5k
191,blip-demo-00043-dries-van-noten-spring-2023-ready-to-wear-credit-gorunway,https://assets.labelbox.com/asset/clf098jau5suh073me86a1014
192,blip-demo-00014-dries-van-noten-spring-2023-ready-to-wear-credit-gorunway,https://assets.labelbox.com/asset/clf098jau5sud073mc9y0fwta
193,blip-demo-00001-dries-van-noten-spring-2023-ready-to-wear-beauty-credit-gorunway,https://assets.labelbox.com/asset/clf098jau5su9073m603h9h4n
194,blip-demo-00003-dries-van-noten-spring-2023-ready-to-wear-beauty-credit-gorunway,https://assets.labelbox.com/asset/clf098jau5su5073ma09a6h6c
195,blip-demo-00045-dries-van-noten-spring-2023-ready-to-wear-credit-gorunway,https://assets.labelbox.com/asset/clf098jau5su1073m8cze8quw
196,blip-demo-00055-dries-van-noten-spring-2023-ready-to-wear-credit-gorunway,https://assets.labelbox.com/asset/clf098jau5stx073m6sap3q1n
197,blip-demo-00059-dries-van-noten-spring-2023-ready-to-wear-credit-gorunway,https://assets.labelbox.com/asset/clf098jau5stt073mekv53hc5
198,blip-demo-00007-dries-van-noten-spring-2023-ready-to-wear-beauty-credit-gorunway,https://assets.labelbox.com/asset/clf098jau5stp073m2ooaewxj
199,blip-demo-00050-dries-van-noten-spring-2023-ready-to-wear-credit-gorunway,https://assets.labelbox.com/asset/clf098jau5stl073m8r71g6gd
200,blip-demo-00035-dries-van-noten-spring-2023-ready-to-wear-credit-gorunway,https://assets.labelbox.com/asset/clf098jau5sth073m0bka99bx
201,blip-demo-00036-dries-van-noten-spring-2023-ready-to-wear-credit-gorunway,https://assets.labelbox.com/asset/clf098jau5std073m1zfjgiu2
202,blip-demo-00021-dries-van-noten-spring-2023-ready-to-wear-credit-gorunway,https://assets.labelbox.com/asset/clf098jau5st9073mcm9m15lx
203,blip-demo-00019-dries-van-noten-spring-2023-ready-to-wear-credit-gorunway,https://assets.labelbox.com/asset/clf098jau5st5073mgmfa1k21
204,blip-demo-00049-dion-lee-spring-2023-ready-to-wear-credit-gorunway,https://assets.labelbox.com/asset/clf093fkm7ivk074nfcdg3q5l
205,blip-demo-00047-dion-lee-spring-2023-ready-to-wear-credit-gorunway,https://assets.labelbox.com/asset/clf093fkm7ivg074n6cj7ex4g
206,blip-demo-00046-dion-lee-spring-2023-ready-to-wear-credit-gorunway,https://assets.labelbox.com/asset/clf093fkm7ivc074ne79t5ziu
207,blip-demo-00045-dion-lee-spring-2023-ready-to-wear-credit-gorunway,https://assets.labelbox.com/asset/clf093fkm7iv8074nb14pcw26
208,blip-demo-00044-dion-lee-spring-2023-ready-to-wear-credit-gorunway,https://assets.labelbox.com/asset/clf093fkm7iv4074ngpdb6bgw
209,blip-demo-00043-dion-lee-spring-2023-ready-to-wear-credit-gorunway,https://assets.labelbox.com/asset/clf093fkm7iv0074n0igv7l7y
210,blip-demo-00040-dion-lee-spring-2023-ready-to-wear-credit-gorunway,https://assets.labelbox.com/asset/clf093fkm7iuw074nens803jm
211,blip-demo-00001-dion-lee-spring-2023-ready-to-wear-credit-gorunway,https://assets.labelbox.com/asset/clf093fkm7ius074n9safauwx
212,blip-demo-00026-dion-lee-spring-2023-ready-to-wear-credit-gorunway,https://assets.labelbox.com/asset/clf093fkm7iuo074nbjs1fvs4
213,blip-demo-00037-dion-lee-spring-2023-ready-to-wear-credit-gorunway,https://assets.labelbox.com/asset/clf093fkm7iuk074n45o2ejj5
214,blip-demo-00030-dion-lee-spring-2023-ready-to-wear-credit-gorunway,https://assets.labelbox.com/asset/clf093fkm7iug074n1rud6a72
215,blip-demo-00015-dion-lee-spring-2023-ready-to-wear-credit-gorunway,https://assets.labelbox.com/asset/clf093fkm7iuc074ncbrvag1u
216,blip-demo-00017-dion-lee-spring-2023-ready-to-wear-credit-gorunway,https://assets.labelbox.com/asset/clf093fkm7iu8074nc2wwcug8
217,blip-demo-00014-dion-lee-spring-2023-ready-to-wear-credit-gorunway,https://assets.labelbox.com/asset/clf093fkm7iu4074ne83e2evy
218,blip-demo-00021-dion-lee-spring-2023-ready-to-wear-credit-gorunway,https://assets.labelbox.com/asset/clf093fkm7iu0074nc2pef9sx
219,blip-demo-00016-dion-lee-spring-2023-ready-to-wear-credit-gorunway,https://assets.labelbox.com/asset/clf093fkl7itw074n532f356j
220,blip-demo-00013-dion-lee-spring-2023-ready-to-wear-credit-gorunway,https://assets.labelbox.com/asset/clf093fkl7its074n59mg7dl0
221,blip-demo-00039-dion-lee-spring-2023-ready-to-wear-credit-gorunway,https://assets.labelbox.com/asset/clf093fkl7ito074nbt2z27hr
222,blip-demo-00011-dion-lee-spring-2023-ready-to-wear-credit-gorunway,https://assets.labelbox.com/asset/clf093fkl7itk074n2uba0slh
223,blip-demo-00007-dion-lee-spring-2023-ready-to-wear-credit-gorunway,https://assets.labelbox.com/asset/clf093fkl7itg074n7jcb8u4a
224,blip-demo-00002-dion-lee-spring-2023-ready-to-wear-credit-gorunway,https://assets.labelbox.com/asset/clf093fkl7itc074nf9kn1wek
225,blip-demo-00035-dion-lee-spring-2023-ready-to-wear-credit-gorunway,https://assets.labelbox.com/asset/clf093fkl7it8074n9fb4ghvu
226,blip-demo-00042-dion-lee-spring-2023-ready-to-wear-credit-gorunway,https://assets.labelbox.com/asset/clf093fkl7it4074n8j7xbbij
227,blip-demo-00006-dion-lee-spring-2023-ready-to-wear-credit-gorunway,https://assets.labelbox.com/asset/clf093fkl7it0074n05xi36nr
228,blip-demo-00009-dion-lee-spring-2023-ready-to-wear-credit-gorunway,https://assets.labelbox.com/asset/clf093fkl7isw074n6xs7d27a
229,blip-demo-00038-dion-lee-spring-2023-ready-to-wear-credit-gorunway,https://assets.labelbox.com/asset/clf093fkl7iss074n16fz7qxp
230,blip-demo-00032-dion-lee-spring-2023-ready-to-wear-credit-gorunway,https://assets.labelbox.com/asset/clf093fkl7iso074n8q6gadld
231,blip-demo-00033-dion-lee-spring-2023-ready-to-wear-credit-gorunway,https://assets.labelbox.com/asset/clf093fkl7isk074nhiru4wft
232,blip-demo-00012-dion-lee-spring-2023-ready-to-wear-credit-gorunway,https://assets.labelbox.com/asset/clf093fkl7isg074nhqwhe3ye
233,blip-demo-00025-dion-lee-spring-2023-ready-to-wear-credit-gorunway,https://assets.labelbox.com/asset/clf093fkl7isc074natde72cs
234,blip-demo-00031-dion-lee-spring-2023-ready-to-wear-credit-gorunway,https://assets.labelbox.com/asset/clf093fkl7is8074nby2a5j4q
235,blip-demo-00022-dion-lee-spring-2023-ready-to-wear-credit-gorunway,https://assets.labelbox.com/asset/clf093fkl7is4074n3avtcrxk
236,blip-demo-00005-dion-lee-spring-2023-ready-to-wear-credit-gorunway,https://assets.labelbox.com/asset/clf093fkl7is0074na539el21
237,blip-demo-00004-dion-lee-spring-2023-ready-to-wear-credit-gorunway,https://assets.labelbox.com/asset/clf093fkl7irw074ncn6tb5gb
238,blip-demo-00010-dion-lee-spring-2023-ready-to-wear-credit-gorunway,https://assets.labelbox.com/asset/clf093fkl7irs074n91sqb8c7
239,blip-demo-00003-dion-lee-spring-2023-ready-to-wear-credit-gorunway,https://assets.labelbox.com/asset/clf093fkl7iro074n1gyf9wvy
240,blip-demo-00008-dion-lee-spring-2023-ready-to-wear-credit-gorunway,https://assets.labelbox.com/asset/clf093fkk7irk074nchdyat09
241,blip-demo-00018-dion-lee-spring-2023-ready-to-wear-credit-gorunway,https://assets.labelbox.com/asset/clf093fkk7irg074newxcbbnx
242,blip-demo-00023-dion-lee-spring-2023-ready-to-wear-credit-gorunway,https://assets.labelbox.com/asset/clf093fkk7irc074n2bh2bbei
243,blip-demo-00029-dion-lee-spring-2023-ready-to-wear-credit-gorunway,https://assets.labelbox.com/asset/clf093fkk7ir8074n75e81gnd
244,blip-demo-00019-dion-lee-spring-2023-ready-to-wear-credit-gorunway,https://assets.labelbox.com/asset/clf093fkk7ir4074ncda5fpzk
245,blip-demo-00036-dion-lee-spring-2023-ready-to-wear-credit-gorunway,https://assets.labelbox.com/asset/clf093fkk7ir0074nddxi5p9o
246,blip-demo-00027-dion-lee-spring-2023-ready-to-wear-credit-gorunway,https://assets.labelbox.com/asset/clf093fkk7iqw074n06glcn3i
247,blip-demo-00041-dion-lee-spring-2023-ready-to-wear-credit-gorunway,https://assets.labelbox.com/asset/clf093fkk7iqs074n6mkzeea5
248,blip-demo-00034-dion-lee-spring-2023-ready-to-wear-credit-gorunway,https://assets.labelbox.com/asset/clf093fkk7iqo074nelqt9yjf
249,blip-demo-00028-dion-lee-spring-2023-ready-to-wear-credit-gorunway,https://assets.labelbox.com/asset/clf093fkk7iqk074n1pflgngl
250,blip-demo-00020-dion-lee-spring-2023-ready-to-wear-credit-gorunway,https://assets.labelbox.com/asset/clf093fkk7iqg074nehydbsij
251,blip-demo-00024-dion-lee-spring-2023-ready-to-wear-credit-gorunway,https://assets.labelbox.com/asset/clf093fkk7iqc074n506b00cr
252,blip-demo-00030-dilara-findikoglu-spring-2023-ready-to-wear-credit-gorunway,https://assets.labelbox.com/asset/clf091d9r5ssg073mbx373pcz
253,blip-demo-00028-dilara-findikoglu-spring-2023-ready-to-wear-credit-gorunway,https://assets.labelbox.com/asset/clf091d9r5ssc073mafk9enc4
254,blip-demo-00005-dilara-findikoglu-spring-2023-ready-to-wear-credit-gorunway,https://assets.labelbox.com/asset/clf091d9r5ss8073m25clf6om
255,blip-demo-00020-dilara-findikoglu-spring-2023-ready-to-wear-credit-gorunway,https://assets.labelbox.com/asset/clf091d9r5ss4073mbhbr5gy1
256,blip-demo-00006-dilara-findikoglu-spring-2023-ready-to-wear-credit-gorunway,https://assets.labelbox.com/asset/clf091d9r5ss0073m3zq0bnc7
257,blip-demo-00018-dilara-findikoglu-spring-2023-ready-to-wear-credit-gorunway,https://assets.labelbox.com/asset/clf091d9r5srw073m1g6dgxdg
258,blip-demo-00015-dilara-findikoglu-spring-2023-ready-to-wear-credit-gorunway,https://assets.labelbox.com/asset/clf091d9r5srs073m4gwlgbxy
259,blip-demo-00025-dilara-findikoglu-spring-2023-ready-to-wear-credit-gorunway,https://assets.labelbox.com/asset/clf091d9q5sro073m9qp48zfk
260,blip-demo-00016-dilara-findikoglu-spring-2023-ready-to-wear-credit-gorunway,https://assets.labelbox.com/asset/clf091d9q5srk073mexsv4hl6
261,blip-demo-00008-dilara-findikoglu-spring-2023-ready-to-wear-credit-gorunway,https://assets.labelbox.com/asset/clf091d9q5srg073m5hce3pbo
262,blip-demo-00027-dilara-findikoglu-spring-2023-ready-to-wear-credit-gorunway,https://assets.labelbox.com/asset/clf091d9q5src073mdhaud8h3
263,blip-demo-00014-dilara-findikoglu-spring-2023-ready-to-wear-credit-gorunway,https://assets.labelbox.com/asset/clf091d9q5sr8073md83g8mh9
264,blip-demo-00013-dilara-findikoglu-spring-2023-ready-to-wear-credit-gorunway,https://assets.labelbox.com/asset/clf091d9q5sr4073mhy4o6ffw
265,blip-demo-00023-dilara-findikoglu-spring-2023-ready-to-wear-credit-gorunway,https://assets.labelbox.com/asset/clf091d9q5sr0073m0xt22h7z
266,blip-demo-00022-dilara-findikoglu-spring-2023-ready-to-wear-credit-gorunway,https://assets.labelbox.com/asset/clf091d9q5sqw073mb7t6h01a
267,blip-demo-00012-dilara-findikoglu-spring-2023-ready-to-wear-credit-gorunway,https://assets.labelbox.com/asset/clf091d9q5sqs073m88fdd4g6
268,blip-demo-00010-dilara-findikoglu-spring-2023-ready-to-wear-credit-gorunway,https://assets.labelbox.com/asset/clf091d9q5sqo073mek81051c
269,blip-demo-00021-dilara-findikoglu-spring-2023-ready-to-wear-credit-gorunway,https://assets.labelbox.com/asset/clf091d9q5sqk073m61m3fl7o
270,blip-demo-00011-dilara-findikoglu-spring-2023-ready-to-wear-credit-gorunway,https://assets.labelbox.com/asset/clf091d9q5sqg073m63u6eov0
271,blip-demo-00019-dilara-findikoglu-spring-2023-ready-to-wear-credit-gorunway,https://assets.labelbox.com/asset/clf091d9q5sqc073mdiundq9p
272,blip-demo-00024-dilara-findikoglu-spring-2023-ready-to-wear-credit-gorunway,https://assets.labelbox.com/asset/clf091d9o5sq8073mexr7c5sj
273,blip-demo-00003-dilara-findikoglu-spring-2023-ready-to-wear-credit-gorunway,https://assets.labelbox.com/asset/clf091d9o5sq4073mgum2gox6
274,blip-demo-00001-dilara-findikoglu-spring-2023-ready-to-wear-credit-gorunway,https://assets.labelbox.com/asset/clf091d9o5sq0073mdql8hf7p
275,blip-demo-00004-dilara-findikoglu-spring-2023-ready-to-wear-credit-gorunway,https://assets.labelbox.com/asset/clf091d9o5spw073mffs2fthd
276,blip-demo-00017-dilara-findikoglu-spring-2023-ready-to-wear-credit-gorunway,https://assets.labelbox.com/asset/clf091d9n5sps073mgv2d4n5k
277,blip-demo-00009-dilara-findikoglu-spring-2023-ready-to-wear-credit-gorunway,https://assets.labelbox.com/asset/clf091d9n5spo073m5mbl27z0
278,blip-demo-00007-dilara-findikoglu-spring-2023-ready-to-wear-credit-gorunway,https://assets.labelbox.com/asset/clf091d9n5spk073m21fn8hc3
279,blip-demo-00002-dilara-findikoglu-spring-2023-ready-to-wear-credit-gorunway,https://assets.labelbox.com/asset/clf091d9n5spg073m0uge23tm
280,blip-demo-00026-dilara-findikoglu-spring-2023-ready-to-wear-credit-gorunway,https://assets.labelbox.com/asset/clf091d9n5spc073meo0d2m6n
281,blip-demo-00049-diesel-spring-2023-ready-to-wear-credit-gorunway,https://assets.labelbox.com/asset/clf08zktaaj77074a1o7vd5z5
282,blip-demo-00009-diesel-spring-2023-ready-to-wear-detail-credit-gorunway,https://assets.labelbox.com/asset/clf08zktaaj73074abaad09ph
283,blip-demo-00008-diesel-spring-2023-ready-to-wear-detail-credit-gorunway,https://assets.labelbox.com/asset/clf08zktaaj6z074a6cqcbldx
284,blip-demo-00007-diesel-spring-2023-ready-to-wear-detail-credit-gorunway,https://assets.labelbox.com/asset/clf08zktaaj6v074a80jk4nsj
285,blip-demo-00006-diesel-spring-2023-ready-to-wear-detail-credit-gorunway,https://assets.labelbox.com/asset/clf08zktaaj6r074aerqr5199
286,blip-demo-00015-diesel-spring-2023-ready-to-wear-credit-gorunway,https://assets.labelbox.com/asset/clf08zktaaj6n074a602ugg3s
287,blip-demo-00041-diesel-spring-2023-ready-to-wear-credit-gorunway,https://assets.labelbox.com/asset/clf08zktaaj6j074adlu1g2of
288,blip-demo-00062-diesel-spring-2023-ready-to-wear-credit-gorunway,https://assets.labelbox.com/asset/clf08zktaaj6f074aepux93ca
289,blip-demo-00052-diesel-spring-2023-ready-to-wear-credit-gorunway,https://assets.labelbox.com/asset/clf08zktaaj6b074ahkic41wb
290,blip-demo-00026-diesel-spring-2023-ready-to-wear-credit-gorunway,https://assets.labelbox.com/asset/clf08zktaaj67074adjhla6q1
291,blip-demo-00002-diesel-spring-2023-ready-to-wear-credit-gorunway,https://assets.labelbox.com/asset/clf08zktaaj63074a9rji6wbh
292,blip-demo-00025-diesel-spring-2023-ready-to-wear-credit-gorunway,https://assets.labelbox.com/asset/clf08zktaaj5z074a7gd2b71v
293,blip-demo-00028-diesel-spring-2023-ready-to-wear-credit-gorunway,https://assets.labelbox.com/asset/clf08zktaaj5v074ac6chdgns
294,blip-demo-00018-diesel-spring-2023-ready-to-wear-credit-gorunway,https://assets.labelbox.com/asset/clf08zkt9aj5r074a820i275c
295,blip-demo-00001-diesel-spring-2023-ready-to-wear-detail-credit-gorunway,https://assets.labelbox.com/asset/clf08zkt9aj5n074a3cpvh08r
296,blip-demo-00048-diesel-spring-2023-ready-to-wear-credit-gorunway,https://assets.labelbox.com/asset/clf08zkt9aj5j074a5tau1xdl
297,blip-demo-00054-diesel-spring-2023-ready-to-wear-credit-gorunway,https://assets.labelbox.com/asset/clf08zkt9aj5f074a0xf79b6z
298,blip-demo-00003-diesel-spring-2023-ready-to-wear-credit-gorunway,https://assets.labelbox.com/asset/clf08zkt9aj5b074ab0wm59ub
299,blip-demo-00050-diesel-spring-2023-ready-to-wear-credit-gorunway,https://assets.labelbox.com/asset/clf08zkt9aj57074a7rwm5zfx
300,blip-demo-00037-diesel-spring-2023-ready-to-wear-credit-gorunway,https://assets.labelbox.com/asset/clf08zkt9aj53074afmkq40jd
301,blip-demo-00071-diesel-spring-2023-ready-to-wear-credit-gorunway,https://assets.labelbox.com/asset/clf08zkt9aj4z074aa9ht5pqz
302,blip-demo-00008-diesel-spring-2023-ready-to-wear-credit-gorunway,https://assets.labelbox.com/asset/clf08zkt9aj4v074a3y9ygood
303,blip-demo-00053-diesel-spring-2023-ready-to-wear-credit-gorunway,https://assets.labelbox.com/asset/clf08zkt9aj4r074ae03ybblq
304,blip-demo-00019-diesel-spring-2023-ready-to-wear-credit-gorunway,https://assets.labelbox.com/asset/clf08zkt9aj4n074abaze4zut
305,blip-demo-00063-diesel-spring-2023-ready-to-wear-credit-gorunway,https://assets.labelbox.com/asset/clf08zkt9aj4j074ae0zq1e3l
306,blip-demo-00033-diesel-spring-2023-ready-to-wear-credit-gorunway,https://assets.labelbox.com/asset/clf08zkt9aj4f074ac0fvhh3h
307,blip-demo-00038-diesel-spring-2023-ready-to-wear-credit-gorunway,https://assets.labelbox.com/asset/clf08zkt9aj4b074aa7uo6c8r
308,blip-demo-00002-diesel-spring-2023-ready-to-wear-detail-credit-gorunway,https://assets.labelbox.com/asset/clf08zkt9aj47074a8zqcbebm
309,blip-demo-00013-diesel-spring-2023-ready-to-wear-credit-gorunway,https://assets.labelbox.com/asset/clf08zkt9aj43074a9hqtg4dg
310,blip-demo-00029-diesel-spring-2023-ready-to-wear-credit-gorunway,https://assets.labelbox.com/asset/clf08zkt9aj3z074a659qaxtg
311,blip-demo-00016-diesel-spring-2023-ready-to-wear-credit-gorunway,https://assets.labelbox.com/asset/clf08zkt9aj3v074a176wfcqx
312,blip-demo-00020-diesel-spring-2023-ready-to-wear-credit-gorunway,https://assets.labelbox.com/asset/clf08zkt9aj3r074afrs7enji
313,blip-demo-00005-diesel-spring-2023-ready-to-wear-credit-gorunway,https://assets.labelbox.com/asset/clf08zkt8aj3n074a747zaibn
314,blip-demo-00032-diesel-spring-2023-ready-to-wear-credit-gorunway,https://assets.labelbox.com/asset/clf08zkt8aj3j074ac2uw7435
315,blip-demo-00031-diesel-spring-2023-ready-to-wear-credit-gorunway,https://assets.labelbox.com/asset/clf08zkt8aj3f074ada19g0a0
316,blip-demo-00040-diesel-spring-2023-ready-to-wear-credit-gorunway,https://assets.labelbox.com/asset/clf08zkt8aj3b074a6rzkc08v
317,blip-demo-00011-diesel-spring-2023-ready-to-wear-credit-gorunway,https://assets.labelbox.com/asset/clf08zkt8aj37074a2wu92k14
318,blip-demo-00057-diesel-spring-2023-ready-to-wear-credit-gorunway,https://assets.labelbox.com/asset/clf08zkt8aj33074a4l674m1l
319,blip-demo-00068-diesel-spring-2023-ready-to-wear-credit-gorunway,https://assets.labelbox.com/asset/clf08zkt8aj2z074ahjh39mcq
320,blip-demo-00064-diesel-spring-2023-ready-to-wear-credit-gorunway,https://assets.labelbox.com/asset/clf08zkt8aj2v074a3k5428bj
321,blip-demo-00003-diesel-spring-2023-ready-to-wear-detail-credit-gorunway,https://assets.labelbox.com/asset/clf08zkt8aj2r074aa95v1dw9
322,blip-demo-00022-diesel-spring-2023-ready-to-wear-credit-gorunway,https://assets.labelbox.com/asset/clf08zkt8aj2n074a0lraevis
323,blip-demo-00066-diesel-spring-2023-ready-to-wear-credit-gorunway,https://assets.labelbox.com/asset/clf08zkt8aj2j074agir7fmst
324,blip-demo-00004-diesel-spring-2023-ready-to-wear-credit-gorunway,https://assets.labelbox.com/asset/clf08zkt8aj2f074acjg3ha4c
325,blip-demo-00030-diesel-spring-2023-ready-to-wear-credit-gorunway,https://assets.labelbox.com/asset/clf08zkt8aj2b074ae1nk9nfa
326,blip-demo-00043-diesel-spring-2023-ready-to-wear-credit-gorunway,https://assets.labelbox.com/asset/clf08zkt8aj27074afk3ghuua
327,blip-demo-00004-diesel-spring-2023-ready-to-wear-detail-credit-gorunway,https://assets.labelbox.com/asset/clf08zkt8aj23074afl6o3w4g
328,blip-demo-00001-diesel-spring-2023-ready-to-wear-credit-gorunway,https://assets.labelbox.com/asset/clf08zkt8aj1z074a7jzl1b7f
329,blip-demo-00017-diesel-spring-2023-ready-to-wear-credit-gorunway,https://assets.labelbox.com/asset/clf08zkt8aj1v074a5t0c8t3z
330,blip-demo-00027-diesel-spring-2023-ready-to-wear-credit-gorunway,https://assets.labelbox.com/asset/clf08zkt8aj1r074afn7f35vw
331,blip-demo-00035-diesel-spring-2023-ready-to-wear-credit-gorunway,https://assets.labelbox.com/asset/clf08zkt7aj1n074aezb3hmx5
332,blip-demo-00006-diesel-spring-2023-ready-to-wear-credit-gorunway,https://assets.labelbox.com/asset/clf08zkt7aj1j074a9wew46z7
333,blip-demo-00051-diesel-spring-2023-ready-to-wear-credit-gorunway,https://assets.labelbox.com/asset/clf08zkt7aj1f074a27ffeqzp
334,blip-demo-00005-diesel-spring-2023-ready-to-wear-detail-credit-gorunway,https://assets.labelbox.com/asset/clf08zkt7aj1b074a83ya83g7
335,blip-demo-00034-diesel-spring-2023-ready-to-wear-credit-gorunway,https://assets.labelbox.com/asset/clf08zkt7aj17074ad2zfcq3d
336,blip-demo-00067-diesel-spring-2023-ready-to-wear-credit-gorunway,https://assets.labelbox.com/asset/clf08zkt7aj13074a8w7ja3iz
337,blip-demo-00042-diesel-spring-2023-ready-to-wear-credit-gorunway,https://assets.labelbox.com/asset/clf08zkt7aj0z074acrmka57b
338,blip-demo-00055-diesel-spring-2023-ready-to-wear-credit-gorunway,https://assets.labelbox.com/asset/clf08zkt7aj0v074a7vkgdigb
339,blip-demo-00046-diesel-spring-2023-ready-to-wear-credit-gorunway,https://assets.labelbox.com/asset/clf08zkt7aj0r074a8ekbdwnz
340,blip-demo-00060-diesel-spring-2023-ready-to-wear-credit-gorunway,https://assets.labelbox.com/asset/clf08zkt7aj0n074a1430g976
341,blip-demo-00070-diesel-spring-2023-ready-to-wear-credit-gorunway,https://assets.labelbox.com/asset/clf08zkt7aj0j074a2oy73we6
342,blip-demo-00059-diesel-spring-2023-ready-to-wear-credit-gorunway,https://assets.labelbox.com/asset/clf08zkt7aj0f074a3vlz0l1n
343,blip-demo-00056-diesel-spring-2023-ready-to-wear-credit-gorunway,https://assets.labelbox.com/asset/clf08zkt7aj0b074a0n9585gv
344,blip-demo-00065-diesel-spring-2023-ready-to-wear-credit-gorunway,https://assets.labelbox.com/asset/clf08zkt7aj07074a0cisa01y
345,blip-demo-00007-diesel-spring-2023-ready-to-wear-credit-gorunway,https://assets.labelbox.com/asset/clf08zkt7aj03074a10qh3v94
346,blip-demo-00047-diesel-spring-2023-ready-to-wear-credit-gorunway,https://assets.labelbox.com/asset/clf08zkt7aizz074acts7edok
347,blip-demo-00069-diesel-spring-2023-ready-to-wear-credit-gorunway,https://assets.labelbox.com/asset/clf08zkt7aizv074ae7ll4tm1
348,blip-demo-00036-diesel-spring-2023-ready-to-wear-credit-gorunway,https://assets.labelbox.com/asset/clf08zkt7aizr074a9l7e0db7
349,blip-demo-00010-diesel-spring-2023-ready-to-wear-credit-gorunway,https://assets.labelbox.com/asset/clf08zkt7aizn074a7rkic9rn
350,blip-demo-00023-diesel-spring-2023-ready-to-wear-credit-gorunway,https://assets.labelbox.com/asset/clf08zkt7aizj074a0yne03wr
351,blip-demo-00012-diesel-spring-2023-ready-to-wear-credit-gorunway,https://assets.labelbox.com/asset/clf08zkt6aizf074a9jmh04no
352,blip-demo-00014-diesel-spring-2023-ready-to-wear-credit-gorunway,https://assets.labelbox.com/asset/clf08zkt6aizb074abjg5gqgr
353,blip-demo-00058-diesel-spring-2023-ready-to-wear-credit-gorunway,https://assets.labelbox.com/asset/clf08zkt6aiz7074aanje3hdt
354,blip-demo-00024-diesel-spring-2023-ready-to-wear-credit-gorunway,https://assets.labelbox.com/asset/clf08zkt6aiz3074a5pmkagey
355,blip-demo-00009-diesel-spring-2023-ready-to-wear-credit-gorunway,https://assets.labelbox.com/asset/clf08zkt6aiyz074acf3ldwx4
356,blip-demo-00045-diesel-spring-2023-ready-to-wear-credit-gorunway,https://assets.labelbox.com/asset/clf08zkt6aiyv074a2s4t4bun
357,blip-demo-00021-diesel-spring-2023-ready-to-wear-credit-gorunway,https://assets.labelbox.com/asset/clf08zkt6aiyr074afw228kn4
358,blip-demo-00061-diesel-spring-2023-ready-to-wear-credit-gorunway,https://assets.labelbox.com/asset/clf08zkt6aiyn074ac4ym2ple
359,blip-demo-00039-diesel-spring-2023-ready-to-wear-credit-gorunway,https://assets.labelbox.com/asset/clf08zkt6aiyj074a2l5h8wcb
360,blip-demo-00044-diesel-spring-2023-ready-to-wear-credit-gorunway,https://assets.labelbox.com/asset/clf08zkt6aiyf074ae17qe98w
361,blip-demo-00001-diane-von-furstenberg-spring-2023-ready-to-wear-details-credit-brand///2,https://assets.labelbox.com/asset/clf08wofz7ipo074nger2hphg
362,blip-demo-00013-diane-von-furstenberg-spring-2023-ready-to-wear-details-credit-brand,https://assets.labelbox.com/asset/clf08wofz7ipk074n30hmen5h
363,blip-demo-00012-diane-von-furstenberg-spring-2023-ready-to-wear-details-credit-brand,https://assets.labelbox.com/asset/clf08wofz7ipg074nauuk4ghu
364,blip-demo-00011-diane-von-furstenberg-spring-2023-ready-to-wear-details-credit-brand,https://assets.labelbox.com/asset/clf08wofz7ipc074nbg3kfafi
365,blip-demo-00005-diane-von-furstenberg-spring-2023-ready-to-wear-details-credit-brand,https://assets.labelbox.com/asset/clf08wofz7ip8074n2b54byb9
366,blip-demo-00009-diane-von-furstenberg-spring-2023-ready-to-wear-details-credit-brand,https://assets.labelbox.com/asset/clf08wofz7ip4074nfvv78b9v
367,blip-demo-00004-diane-von-furstenberg-spring-2023-ready-to-wear-details-credit-brand,https://assets.labelbox.com/asset/clf08wofz7ip0074n192u59w7
368,blip-demo-00008-diane-von-furstenberg-spring-2023-ready-to-wear-details-credit-brand,https://assets.labelbox.com/asset/clf08wofy7iow074n1e9873ly
369,blip-demo-00007-diane-von-furstenberg-spring-2023-ready-to-wear-details-credit-brand,https://assets.labelbox.com/asset/clf08wofy7ios074n2c6thr6i
370,blip-demo-00002-diane-von-furstenberg-spring-2023-ready-to-wear-details-credit-brand,https://assets.labelbox.com/asset/clf08wofy7ioo074nbsvwgby3
371,blip-demo-00006-diane-von-furstenberg-spring-2023-ready-to-wear-details-credit-brand,https://assets.labelbox.com/asset/clf08wofy7iok074ngfqj2ew8
372,blip-demo-00003-diane-von-furstenberg-spring-2023-ready-to-wear-details-credit-brand,https://assets.labelbox.com/asset/clf08wofy7iog074n50ncfres
373,blip-demo-00010-diane-von-furstenberg-spring-2023-ready-to-wear-details-credit-brand,https://assets.labelbox.com/asset/clf08wofy7ioc074n36u697v9
374,blip-demo-00033-di-petsa-spring-2023-ready-to-wear-credit-brand,https://assets.labelbox.com/asset/clf08v649gtip071r0zwidnwl
375,blip-demo-00032-di-petsa-spring-2023-ready-to-wear-credit-brand,https://assets.labelbox.com/asset/clf08v649gtil071rhhbrcny7
376,blip-demo-00031-di-petsa-spring-2023-ready-to-wear-credit-brand,https://assets.labelbox.com/asset/clf08v649gtih071r8nrpccy9
377,blip-demo-00021-di-petsa-spring-2023-ready-to-wear-credit-brand,https://assets.labelbox.com/asset/clf08v649gtid071r0pqr5u7b
378,blip-demo-00010-di-petsa-spring-2023-ready-to-wear-credit-brand,https://assets.labelbox.com/asset/clf08v649gti9071r4kf83ox5
379,blip-demo-00025-di-petsa-spring-2023-ready-to-wear-credit-brand,https://assets.labelbox.com/asset/clf08v649gti5071r8z5jex22
380,blip-demo-00012-di-petsa-spring-2023-ready-to-wear-credit-brand,https://assets.labelbox.com/asset/clf08v649gti1071rcmob60fr
381,blip-demo-00018-di-petsa-spring-2023-ready-to-wear-credit-brand,https://assets.labelbox.com/asset/clf08v649gthx071r3nv167ka
382,blip-demo-00029-di-petsa-spring-2023-ready-to-wear-credit-brand,https://assets.labelbox.com/asset/clf08v649gtht071rh4kzfv1h
383,blip-demo-00016-di-petsa-spring-2023-ready-to-wear-credit-brand,https://assets.labelbox.com/asset/clf08v649gthp071r2m2q2qqj
384,blip-demo-00024-di-petsa-spring-2023-ready-to-wear-credit-brand,https://assets.labelbox.com/asset/clf08v649gthl071r1bvq0uc8
385,blip-demo-00011-di-petsa-spring-2023-ready-to-wear-credit-brand,https://assets.labelbox.com/asset/clf08v648gthh071r568n2voi
386,blip-demo-00015-di-petsa-spring-2023-ready-to-wear-credit-brand,https://assets.labelbox.com/asset/clf08v648gthd071r4mlw2f89
387,blip-demo-00020-di-petsa-spring-2023-ready-to-wear-credit-brand,https://assets.labelbox.com/asset/clf08v648gth9071r3honfiwb
388,blip-demo-00003-di-petsa-spring-2023-ready-to-wear-credit-brand,https://assets.labelbox.com/asset/clf08v648gth5071r5fleh013
389,blip-demo-00030-di-petsa-spring-2023-ready-to-wear-credit-brand,https://assets.labelbox.com/asset/clf08v648gth1071r8wdj0g81
390,blip-demo-00004-di-petsa-spring-2023-ready-to-wear-credit-brand,https://assets.labelbox.com/asset/clf08v648gtgx071r5u013scl
391,blip-demo-00007-di-petsa-spring-2023-ready-to-wear-credit-brand,https://assets.labelbox.com/asset/clf08v648gtgt071r4c4q5hm2
392,blip-demo-00023-di-petsa-spring-2023-ready-to-wear-credit-brand,https://assets.labelbox.com/asset/clf08v648gtgp071rbxf30bh9
393,blip-demo-00006-di-petsa-spring-2023-ready-to-wear-credit-brand,https://assets.labelbox.com/asset/clf08v648gtgl071rfb9g2f8g
394,blip-demo-00005-di-petsa-spring-2023-ready-to-wear-credit-brand,https://assets.labelbox.com/asset/clf08v648gtgh071r4qjjawuo
395,blip-demo-00013-di-petsa-spring-2023-ready-to-wear-credit-brand,https://assets.labelbox.com/asset/clf08v648gtgd071r0n9gcu65
396,blip-demo-00028-di-petsa-spring-2023-ready-to-wear-credit-brand,https://assets.labelbox.com/asset/clf08v648gtg9071r2u9xcmrg
397,blip-demo-00009-di-petsa-spring-2023-ready-to-wear-credit-brand,https://assets.labelbox.com/asset/clf08v648gtg5071rbsc6e06n
398,blip-demo-00008-di-petsa-spring-2023-ready-to-wear-credit-brand,https://assets.labelbox.com/asset/clf08v648gtg1071r0h1kbq0j
399,blip-demo-00002-di-petsa-spring-2023-ready-to-wear-credit-brand,https://assets.labelbox.com/asset/clf08v648gtfx071rd3y5hat5
400,blip-demo-00017-di-petsa-spring-2023-ready-to-wear-credit-brand,https://assets.labelbox.com/asset/clf08v648gtft071r8aqu9ef6
401,blip-demo-00019-di-petsa-spring-2023-ready-to-wear-credit-brand,https://assets.labelbox.com/asset/clf08v647gtfp071rclr7an9x
402,blip-demo-00014-di-petsa-spring-2023-ready-to-wear-credit-brand,https://assets.labelbox.com/asset/clf08v647gtfl071rf54a30l3
403,blip-demo-00001-di-petsa-spring-2023-ready-to-wear-credit-brand,https://assets.labelbox.com/asset/clf08v647gtfh071rd87vejfg
404,blip-demo-00027-di-petsa-spring-2023-ready-to-wear-credit-brand,https://assets.labelbox.com/asset/clf08v647gtfd071rg8642py3
405,blip-demo-00022-di-petsa-spring-2023-ready-to-wear-credit-brand,https://assets.labelbox.com/asset/clf08v647gtf9071rgr3wfs0v
406,blip-demo-00026-di-petsa-spring-2023-ready-to-wear-credit-brand,https://assets.labelbox.com/asset/clf08v647gtf5071rfhvg8bg8
407,blip-demo-00041-deveaux-spring-2023-ready-to-wear-credit-gorunway,https://assets.labelbox.com/asset/clf08t8bq5b4x074jfsg50ji1
408,blip-demo-00040-deveaux-spring-2023-ready-to-wear-credit-gorunway,https://assets.labelbox.com/asset/clf08t8bq5b4t074j7ch1ghow
409,blip-demo-00039-deveaux-spring-2023-ready-to-wear-credit-gorunway,https://assets.labelbox.com/asset/clf08t8bq5b4p074j7q9h7bbh
410,blip-demo-00038-deveaux-spring-2023-ready-to-wear-credit-gorunway,https://assets.labelbox.com/asset/clf08t8bp5b4l074j0w1pdw2e
411,blip-demo-00015-deveaux-spring-2023-ready-to-wear-credit-gorunway,https://assets.labelbox.com/asset/clf08t8bp5b4h074j34285kcv
412,blip-demo-00034-deveaux-spring-2023-ready-to-wear-credit-gorunway,https://assets.labelbox.com/asset/clf08t8bp5b4d074je08x3n9n
413,blip-demo-00024-deveaux-spring-2023-ready-to-wear-credit-gorunway,https://assets.labelbox.com/asset/clf08t8bp5b49074jdfaq0g7o
414,blip-demo-00014-deveaux-spring-2023-ready-to-wear-credit-gorunway,https://assets.labelbox.com/asset/clf08t8bp5b45074jgyid9o8b
415,blip-demo-00012-deveaux-spring-2023-ready-to-wear-credit-gorunway,https://assets.labelbox.com/asset/clf08t8bp5b41074j95hpfs4u
416,blip-demo-00007-deveaux-spring-2023-ready-to-wear-credit-gorunway,https://assets.labelbox.com/asset/clf08t8bp5b3x074j0rawapld
417,blip-demo-00017-deveaux-spring-2023-ready-to-wear-credit-gorunway,https://assets.labelbox.com/asset/clf08t8bp5b3t074jacmq7yh1
418,blip-demo-00029-deveaux-spring-2023-ready-to-wear-credit-gorunway,https://assets.labelbox.com/asset/clf08t8bp5b3p074jhwlkcgtk
419,blip-demo-00032-deveaux-spring-2023-ready-to-wear-credit-gorunway,https://assets.labelbox.com/asset/clf08t8bp5b3l074jd93mh4ra
420,blip-demo-00003-deveaux-spring-2023-ready-to-wear-credit-gorunway,https://assets.labelbox.com/asset/clf08t8bp5b3h074j84cz055f
421,blip-demo-00006-deveaux-spring-2023-ready-to-wear-credit-gorunway,https://assets.labelbox.com/asset/clf08t8bp5b3d074j5zlwaf6j
422,blip-demo-00019-deveaux-spring-2023-ready-to-wear-credit-gorunway,https://assets.labelbox.com/asset/clf08t8bp5b39074jbrha6i9e
423,blip-demo-00025-deveaux-spring-2023-ready-to-wear-credit-gorunway,https://assets.labelbox.com/asset/clf08t8bp5b35074j2ff32wtt
424,blip-demo-00023-deveaux-spring-2023-ready-to-wear-credit-gorunway,https://assets.labelbox.com/asset/clf08t8bp5b31074jfh9b41pz
425,blip-demo-00035-deveaux-spring-2023-ready-to-wear-credit-gorunway,https://assets.labelbox.com/asset/clf08t8bp5b2x074j94e7hhtr
426,blip-demo-00002-deveaux-spring-2023-ready-to-wear-credit-gorunway,https://assets.labelbox.com/asset/clf08t8bo5b2t074jfhed5bxk
427,blip-demo-00037-deveaux-spring-2023-ready-to-wear-credit-gorunway,https://assets.labelbox.com/asset/clf08t8bo5b2p074j2gu1bm0n
428,blip-demo-00033-deveaux-spring-2023-ready-to-wear-credit-gorunway,https://assets.labelbox.com/asset/clf08t8bo5b2l074j4qc6g42w
429,blip-demo-00013-deveaux-spring-2023-ready-to-wear-credit-gorunway,https://assets.labelbox.com/asset/clf08t8bo5b2h074j5no69w86
430,blip-demo-00010-deveaux-spring-2023-ready-to-wear-credit-gorunway,https://assets.labelbox.com/asset/clf08t8bo5b2d074jbi8cfk1c
431,blip-demo-00009-deveaux-spring-2023-ready-to-wear-credit-gorunway,https://assets.labelbox.com/asset/clf08t8bo5b29074j0yqs7c72
432,blip-demo-00031-deveaux-spring-2023-ready-to-wear-credit-gorunway,https://assets.labelbox.com/asset/clf08t8bo5b25074j7268avyd
433,blip-demo-00004-deveaux-spring-2023-ready-to-wear-credit-gorunway,https://assets.labelbox.com/asset/clf08t8bo5b21074jhzzufi0m
434,blip-demo-00001-deveaux-spring-2023-ready-to-wear-credit-gorunway,https://assets.labelbox.com/asset/clf08t8bo5b1x074jcvs428kj
435,blip-demo-00026-deveaux-spring-2023-ready-to-wear-credit-gorunway,https://assets.labelbox.com/asset/clf08t8bo5b1t074j6z3t1n05
436,blip-demo-00005-deveaux-spring-2023-ready-to-wear-credit-gorunway,https://assets.labelbox.com/asset/clf08t8bo5b1p074j7h0aa1sd
437,blip-demo-00016-deveaux-spring-2023-ready-to-wear-credit-gorunway,https://assets.labelbox.com/asset/clf08t8bo5b1l074j1t9fahq2
438,blip-demo-00021-deveaux-spring-2023-ready-to-wear-credit-gorunway,https://assets.labelbox.com/asset/clf08t8bo5b1h074jgkwzdxpi
439,blip-demo-00008-deveaux-spring-2023-ready-to-wear-credit-gorunway,https://assets.labelbox.com/asset/clf08t8bo5b1d074jg5uhdkii
440,blip-demo-00036-deveaux-spring-2023-ready-to-wear-credit-gorunway,https://assets.labelbox.com/asset/clf08t8bo5b19074j6shf4xho
441,blip-demo-00027-deveaux-spring-2023-ready-to-wear-credit-gorunway,https://assets.labelbox.com/asset/clf08t8bn5b15074j2pyle23i
442,blip-demo-00022-deveaux-spring-2023-ready-to-wear-credit-gorunway,https://assets.labelbox.com/asset/clf08t8bn5b11074jewcpg19l
443,blip-demo-00020-deveaux-spring-2023-ready-to-wear-credit-gorunway,https://assets.labelbox.com/asset/clf08t8bn5b0x074je2mceido
444,blip-demo-00030-deveaux-spring-2023-ready-to-wear-credit-gorunway,https://assets.labelbox.com/asset/clf08t8bn5b0t074jc9uf2lhc
445,blip-demo-00018-deveaux-spring-2023-ready-to-wear-credit-gorunway,https://assets.labelbox.com/asset/clf08t8bn5b0p074j5kp4976h
446,blip-demo-00011-deveaux-spring-2023-ready-to-wear-credit-gorunway,https://assets.labelbox.com/asset/clf08t8bn5b0l074j1tou5jt5
447,blip-demo-00028-deveaux-spring-2023-ready-to-wear-credit-gorunway,https://assets.labelbox.com/asset/clf08t8bn5b0h074jegt24pkb
448,blip-demo-00036-derek-lam-10-crosby-spring-2023-ready-to-wear-credit-brand,https://assets.labelbox.com/asset/clf08r5ls5b0d074jadem6jy2
449,blip-demo-00033-derek-lam-10-crosby-spring-2023-ready-to-wear-credit-brand,https://assets.labelbox.com/asset/clf08r5ls5b09074jhasvdmtd
450,blip-demo-00022-derek-lam-10-crosby-spring-2023-ready-to-wear-credit-brand,https://assets.labelbox.com/asset/clf08r5lr5b05074j440zgr0a
451,blip-demo-00032-derek-lam-10-crosby-spring-2023-ready-to-wear-credit-brand,https://assets.labelbox.com/asset/clf08r5lr5b01074j1mg30121
452,blip-demo-00002-derek-lam-10-crosby-spring-2023-ready-to-wear-credit-brand,https://assets.labelbox.com/asset/clf08r5lr5azx074j1v8ydimd
453,blip-demo-00020-derek-lam-10-crosby-spring-2023-ready-to-wear-credit-brand,https://assets.labelbox.com/asset/clf08r5lr5azt074jcnmufnfq
454,blip-demo-00009-derek-lam-10-crosby-spring-2023-ready-to-wear-credit-brand,https://assets.labelbox.com/asset/clf08r5lr5azp074j63eodyms
455,blip-demo-00025-derek-lam-10-crosby-spring-2023-ready-to-wear-credit-brand,https://assets.labelbox.com/asset/clf08r5lr5azl074j8q37fo91
456,blip-demo-00008-derek-lam-10-crosby-spring-2023-ready-to-wear-credit-brand,https://assets.labelbox.com/asset/clf08r5lr5azh074j808y0vl5
457,blip-demo-00004-derek-lam-10-crosby-spring-2023-ready-to-wear-credit-brand,https://assets.labelbox.com/asset/clf08r5lr5azd074jaeh5efus
458,blip-demo-00024-derek-lam-10-crosby-spring-2023-ready-to-wear-credit-brand,https://assets.labelbox.com/asset/clf08r5lr5az9074j7bvr4hqj
459,blip-demo-00014-derek-lam-10-crosby-spring-2023-ready-to-wear-credit-brand,https://assets.labelbox.com/asset/clf08r5lr5az5074jcdzyd48u
460,blip-demo-00035-derek-lam-10-crosby-spring-2023-ready-to-wear-credit-brand,https://assets.labelbox.com/asset/clf08r5lr5az1074j4vil24zg
461,blip-demo-00016-derek-lam-10-crosby-spring-2023-ready-to-wear-credit-brand,https://assets.labelbox.com/asset/clf08r5lr5ayx074je6fe5fm0
462,blip-demo-00018-derek-lam-10-crosby-spring-2023-ready-to-wear-credit-brand,https://assets.labelbox.com/asset/clf08r5lr5ayt074jfbtbg7uv
463,blip-demo-00013-derek-lam-10-crosby-spring-2023-ready-to-wear-credit-brand,https://assets.labelbox.com/asset/clf08r5lr5ayp074j7pkd8b5c
464,blip-demo-00010-derek-lam-10-crosby-spring-2023-ready-to-wear-credit-brand,https://assets.labelbox.com/asset/clf08r5lr5ayl074jgwie28w5
465,blip-demo-00006-derek-lam-10-crosby-spring-2023-ready-to-wear-credit-brand,https://assets.labelbox.com/asset/clf08r5lr5ayh074j802mhwn7
466,blip-demo-00030-derek-lam-10-crosby-spring-2023-ready-to-wear-credit-brand,https://assets.labelbox.com/asset/clf08r5lr5ayd074jao3o0kdk
467,blip-demo-00003-derek-lam-10-crosby-spring-2023-ready-to-wear-credit-brand,https://assets.labelbox.com/asset/clf08r5lr5ay9074jf5o68eyo
468,blip-demo-00021-derek-lam-10-crosby-spring-2023-ready-to-wear-credit-brand,https://assets.labelbox.com/asset/clf08r5lr5ay5074j0q1aec9v
469,blip-demo-00023-derek-lam-10-crosby-spring-2023-ready-to-wear-credit-brand,https://assets.labelbox.com/asset/clf08r5lr5ay1074j6cyz1aza
470,blip-demo-00019-derek-lam-10-crosby-spring-2023-ready-to-wear-credit-brand,https://assets.labelbox.com/asset/clf08r5lq5axx074jdh8q7tmm
471,blip-demo-00005-derek-lam-10-crosby-spring-2023-ready-to-wear-credit-brand,https://assets.labelbox.com/asset/clf08r5lq5axt074j23qjb0gd
472,blip-demo-00028-derek-lam-10-crosby-spring-2023-ready-to-wear-credit-brand,https://assets.labelbox.com/asset/clf08r5lq5axp074jc8if6hdd
473,blip-demo-00029-derek-lam-10-crosby-spring-2023-ready-to-wear-credit-brand,https://assets.labelbox.com/asset/clf08r5lq5axl074j6nud0mvr
474,blip-demo-00026-derek-lam-10-crosby-spring-2023-ready-to-wear-credit-brand,https://assets.labelbox.com/asset/clf08r5lq5axh074j1fftcqg1
475,blip-demo-00011-derek-lam-10-crosby-spring-2023-ready-to-wear-credit-brand,https://assets.labelbox.com/asset/clf08r5lq5axd074jaylp5mya
476,blip-demo-00034-derek-lam-10-crosby-spring-2023-ready-to-wear-credit-brand,https://assets.labelbox.com/asset/clf08r5lq5ax9074j45tb4ihz
477,blip-demo-00001-derek-lam-10-crosby-spring-2023-ready-to-wear-credit-brand,https://assets.labelbox.com/asset/clf08r5lq5ax5074jf5gf10hy
478,blip-demo-00012-derek-lam-10-crosby-spring-2023-ready-to-wear-credit-brand,https://assets.labelbox.com/asset/clf08r5lq5ax1074jh8rp31ca
479,blip-demo-00015-derek-lam-10-crosby-spring-2023-ready-to-wear-credit-brand,https://assets.labelbox.com/asset/clf08r5lq5awx074j7qy9cqvy
480,blip-demo-00017-derek-lam-10-crosby-spring-2023-ready-to-wear-credit-brand,https://assets.labelbox.com/asset/clf08r5lq5awt074j7ktv1942
481,blip-demo-00031-derek-lam-10-crosby-spring-2023-ready-to-wear-credit-brand,https://assets.labelbox.com/asset/clf08r5lq5awp074j9k2f4g7o
482,blip-demo-00027-derek-lam-10-crosby-spring-2023-ready-to-wear-credit-brand,https://assets.labelbox.com/asset/clf08r5lq5awl074j9xpgbw08
483,blip-demo-00007-derek-lam-10-crosby-spring-2023-ready-to-wear-credit-brand,https://assets.labelbox.com/asset/clf08r5lq5awh074jbnofbdl7
484,blip-demo-00032-del-core-spring-2023-ready-to-wear-credit-gorunway,https://assets.labelbox.com/asset/clf08p5fe08sk07572s5carr5
485,blip-demo-00031-del-core-spring-2023-ready-to-wear-credit-gorunway,https://assets.labelbox.com/asset/clf08p5fe08sg07575s633k8z
486,blip-demo-00030-del-core-spring-2023-ready-to-wear-credit-gorunway,https://assets.labelbox.com/asset/clf08p5fe08sc0757fgik7utw
487,blip-demo-00029-del-core-spring-2023-ready-to-wear-credit-gorunway,https://assets.labelbox.com/asset/clf08p5fe08s807571qhfdtcy
488,blip-demo-00016-del-core-spring-2023-ready-to-wear-credit-gorunway,https://assets.labelbox.com/asset/clf08p5fe08s407575g454g0k
489,blip-demo-00009-del-core-spring-2023-ready-to-wear-credit-gorunway,https://assets.labelbox.com/asset/clf08p5fe08s00757d1gr9oh3
490,blip-demo-00021-del-core-spring-2023-ready-to-wear-credit-gorunway,https://assets.labelbox.com/asset/clf08p5fe08rw07574lnl0kry
491,blip-demo-00024-del-core-spring-2023-ready-to-wear-credit-gorunway,https://assets.labelbox.com/asset/clf08p5fe08rs075712x5czwg
492,blip-demo-00011-del-core-spring-2023-ready-to-wear-credit-gorunway,https://assets.labelbox.com/asset/clf08p5fe08ro07579fg968lk
493,blip-demo-00007-del-core-spring-2023-ready-to-wear-credit-gorunway,https://assets.labelbox.com/asset/clf08p5fe08rk075764t31kbz
494,blip-demo-00012-del-core-spring-2023-ready-to-wear-credit-gorunway,https://assets.labelbox.com/asset/clf08p5fe08rg0757ewuy7snx
495,blip-demo-00008-del-core-spring-2023-ready-to-wear-credit-gorunway,https://assets.labelbox.com/asset/clf08p5fd08rc07570vtk8088
496,blip-demo-00014-del-core-spring-2023-ready-to-wear-credit-gorunway,https://assets.labelbox.com/asset/clf08p5fd08r80757a9vy1009
497,blip-demo-00002-del-core-spring-2023-ready-to-wear-credit-gorunway,https://assets.labelbox.com/asset/clf08p5fd08r407576iq899oe
498,blip-demo-00018-del-core-spring-2023-ready-to-wear-credit-gorunway,https://assets.labelbox.com/asset/clf08p5fd08r007570dk8a5rt
499,blip-demo-00001-del-core-spring-2023-ready-to-wear-credit-gorunway,https://assets.labelbox.com/asset/clf08p5fd08qw0757efo220m5
